INSERT INTO PERMISSIONS(name, description) VALUES ('USER_READ', 'User Read') ON CONFLICT DO NOTHING;
INSERT INTO PERMISSIONS(name, description) VALUES ('USER_WRITE', 'User Write') ON CONFLICT DO NOTHING;
INSERT INTO PERMISSIONS(name, description) VALUES ('COURSE_READ', 'Course Read') ON CONFLICT DO NOTHING;
INSERT INTO PERMISSIONS(name, description) VALUES ('COURSE_WRITE', 'Course Write') ON CONFLICT DO NOTHING;
INSERT INTO PERMISSIONS(name, description) VALUES ('SCHEDULE_READ', 'Schedule Read') ON CONFLICT DO NOTHING;
INSERT INTO PERMISSIONS(name, description) VALUES ('SCHEDULE_WRITE', 'Schedule Write') ON CONFLICT DO NOTHING;
INSERT INTO PERMISSIONS(name, description) VALUES ('PAYMENT_READ', 'Payment Read') ON CONFLICT DO NOTHING;
INSERT INTO PERMISSIONS(name, description) VALUES ('PAYMENT_WRITE', 'Payment Write') ON CONFLICT DO NOTHING;
INSERT INTO ROLES(name, description) VALUES ('ADMIN', 'Admin role') ON CONFLICT DO NOTHING;
INSERT INTO ROLES(name, description) VALUES ('STUDENT', 'Student role') ON CONFLICT DO NOTHING;
INSERT INTO ROLES(name, description) VALUES ('STAFF', 'Staff role') ON CONFLICT DO NOTHING;
INSERT INTO ROLES_PERMISSIONS(role_name, permission_name) VALUES ('ADMIN','USER_READ') ON CONFLICT DO NOTHING;
INSERT INTO ROLES_PERMISSIONS(role_name, permission_name) VALUES ('ADMIN','USER_WRITE') ON CONFLICT DO NOTHING;
INSERT INTO ROLES_PERMISSIONS(role_name, permission_name) VALUES ('ADMIN','COURSE_READ') ON CONFLICT DO NOTHING;
INSERT INTO ROLES_PERMISSIONS(role_name, permission_name) VALUES ('ADMIN','COURSE_WRITE') ON CONFLICT DO NOTHING;
INSERT INTO ROLES_PERMISSIONS(role_name, permission_name) VALUES ('ADMIN','SCHEDULE_READ') ON CONFLICT DO NOTHING;
INSERT INTO ROLES_PERMISSIONS(role_name, permission_name) VALUES ('ADMIN','SCHEDULE_WRITE') ON CONFLICT DO NOTHING;
INSERT INTO ROLES_PERMISSIONS(role_name, permission_name) VALUES ('ADMIN','PAYMENT_READ') ON CONFLICT DO NOTHING;
INSERT INTO ROLES_PERMISSIONS(role_name, permission_name) VALUES ('ADMIN','PAYMENT_WRITE') ON CONFLICT DO NOTHING;
INSERT INTO ROLES_PERMISSIONS(role_name, permission_name) VALUES ('STAFF','USER_READ') ON CONFLICT DO NOTHING;
INSERT INTO ROLES_PERMISSIONS(role_name, permission_name) VALUES ('STAFF','COURSE_READ') ON CONFLICT DO NOTHING;
INSERT INTO ROLES_PERMISSIONS(role_name, permission_name) VALUES ('STAFF','COURSE_WRITE') ON CONFLICT DO NOTHING;
INSERT INTO ROLES_PERMISSIONS(role_name, permission_name) VALUES ('STAFF','SCHEDULE_READ') ON CONFLICT DO NOTHING;
INSERT INTO ROLES_PERMISSIONS(role_name, permission_name) VALUES ('STAFF','SCHEDULE_WRITE') ON CONFLICT DO NOTHING;
INSERT INTO ROLES_PERMISSIONS(role_name, permission_name) VALUES ('STAFF','PAYMENT_READ') ON CONFLICT DO NOTHING;
INSERT INTO ROLES_PERMISSIONS(role_name, permission_name) VALUES ('STUDENT','USER_READ') ON CONFLICT DO NOTHING;
INSERT INTO ROLES_PERMISSIONS(role_name, permission_name) VALUES ('STUDENT','COURSE_READ') ON CONFLICT DO NOTHING;
INSERT INTO ROLES_PERMISSIONS(role_name, permission_name) VALUES ('STUDENT','SCHEDULE_READ') ON CONFLICT DO NOTHING;
INSERT INTO ROLES_PERMISSIONS(role_name, permission_name) VALUES ('STUDENT','PAYMENT_READ') ON CONFLICT DO NOTHING;
INSERT INTO USERS(id, username, password, first_name, last_name, date_of_birth) VALUES ('00000000-0000-0000-0000-000000000001','admin','admin123','System','Admin','1990-01-01') ON CONFLICT DO NOTHING;
INSERT INTO USERS(id, username, password, first_name, last_name, date_of_birth) VALUES ('00000000-0000-0000-0000-000000000002','sv.nguyenvana','sv123456','Nguyen','Van A','2004-03-15') ON CONFLICT DO NOTHING;
INSERT INTO USERS(id, username, password, first_name, last_name, date_of_birth) VALUES ('00000000-0000-0000-0000-000000000003','staff.ttb','staff1234','Tran','Thi B','1992-06-10') ON CONFLICT DO NOTHING;
INSERT INTO USERS(id, username, password, first_name, last_name, date_of_birth) VALUES ('00000000-0000-0000-0000-000000000004','sv.lethic','sv123456','Le','Thi C','2004-11-20') ON CONFLICT DO NOTHING;
INSERT INTO users_roles(user_id, role_name) VALUES ('00000000-0000-0000-0000-000000000001','ADMIN') ON CONFLICT DO NOTHING;
INSERT INTO users_roles(user_id, role_name) VALUES ('00000000-0000-0000-0000-000000000003','STAFF') ON CONFLICT DO NOTHING;
INSERT INTO users_roles(user_id, role_name) VALUES ('00000000-0000-0000-0000-000000000002','STUDENT') ON CONFLICT DO NOTHING;
INSERT INTO users_roles(user_id, role_name) VALUES ('00000000-0000-0000-0000-000000000004','STUDENT') ON CONFLICT DO NOTHING;
INSERT INTO VITRIS(ma_vi_tri, ten_vi_tri, mo_ta, muc_luong_co_ban) VALUES ('cccccccc-1111-2222-3333-444444444444', 'Giang vien', 'Giang vien bo mon CNTT', 15000000.00) ON CONFLICT DO NOTHING;
INSERT INTO NHANVIENS(ma_nhan_vien, ho_ten, email, so_dien_thoai, ngay_vao_lam, ma_vi_tri, user_id) VALUES ('dddddddd-1111-2222-3333-444444444444', 'Tran Thi B', 'ttb@dtu.edu.vn', '0912345678', '2020-09-01', 'cccccccc-1111-2222-3333-444444444444', '00000000-0000-0000-0000-000000000003') ON CONFLICT DO NOTHING;
INSERT INTO NGANHHOCS(ma_nganh_hoc, ten_nganh_hoc, mo_ta) VALUES ('aaaaaaaa-aaaa-aaaa-aaaa-aaaaaaaaaaaa', 'Cong nghe thong tin', 'Dao tao CNTT') ON CONFLICT DO NOTHING;
INSERT INTO NGANHHOCS(ma_nganh_hoc, ten_nganh_hoc, mo_ta) VALUES ('bbbbbbbb-bbbb-bbbb-bbbb-bbbbbbbbbbbb', 'Ky thuat phan mem', 'Dao tao KTPM') ON CONFLICT DO NOTHING;
INSERT INTO CHITIETSINHVIENS(ma_sinh_vien, dia_chi, ngay_sinh, gioi_tinh, quoc_tich, cccd, sdt_nguoi_than) VALUES ('11111111-1111-1111-1111-111111111111','Da Nang','2004-03-15','NAM','Viet Nam','012345678901','0911222333') ON CONFLICT DO NOTHING;
INSERT INTO CHITIETSINHVIENS(ma_sinh_vien, dia_chi, ngay_sinh, gioi_tinh, quoc_tich, cccd, sdt_nguoi_than) VALUES ('22222222-2222-2222-2222-222222222222','Da Nang','2004-11-20','NU','Viet Nam','012345678902','0911222444') ON CONFLICT DO NOTHING;
INSERT INTO SINHVIENS(ma_sinh_vien, ma_nganh_hoc, ho_ten, email, so_dien_thoai, ngay_nhap_hoc, ngay_tot_nghiep, user_id) VALUES ('11111111-1111-1111-1111-111111111111','aaaaaaaa-aaaa-aaaa-aaaa-aaaaaaaaaaaa','Nguyen Van A','sva@dtu.edu.vn','0901111222','2023-09-10',NULL,'00000000-0000-0000-0000-000000000002') ON CONFLICT DO NOTHING;
INSERT INTO SINHVIENS(ma_sinh_vien, ma_nganh_hoc, ho_ten, email, so_dien_thoai, ngay_nhap_hoc, ngay_tot_nghiep, user_id) VALUES ('22222222-2222-2222-2222-222222222222','bbbbbbbb-bbbb-bbbb-bbbb-bbbbbbbbbbbb','Le Thi C','ltc@dtu.edu.vn','0901111333','2023-09-10',NULL,'00000000-0000-0000-0000-000000000004') ON CONFLICT DO NOTHING;
INSERT INTO PHONGHOCS(ma_phong_hoc, ten_phong, toa_nha, tang, suc_chua) VALUES ('eeeeeeee-1111-2222-3333-444444444444', 'A101', 'A', 1, 60) ON CONFLICT DO NOTHING;
INSERT INTO PHONGHOCS(ma_phong_hoc, ten_phong, toa_nha, tang, suc_chua) VALUES ('eeeeeeee-5555-6666-7777-888888888888', 'B202', 'B', 2, 80) ON CONFLICT DO NOTHING;
INSERT INTO KIHOCS(ma_ki_hoc, ten_ki_hoc, ngay_bat_dau, ngay_ket_thuc) VALUES ('2025-2026-1', 'Hoc ky 1 (2025-2026)', '2025-09-01', '2025-12-20') ON CONFLICT DO NOTHING;
INSERT INTO KIHOCS(ma_ki_hoc, ten_ki_hoc, ngay_bat_dau, ngay_ket_thuc) VALUES ('2025-2026-2', 'Hoc ky 2 (2025-2026)', '2026-01-05', '2026-05-05') ON CONFLICT DO NOTHING;
INSERT INTO MONHOCS(ma_mon_hoc, ten_mon_hoc, mo_ta, ma_mon_hoc_tien_quyet) VALUES ('CS101', 'Nhap mon Lap trinh', 'Lap trinh co ban', NULL) ON CONFLICT DO NOTHING;
INSERT INTO MONHOCS(ma_mon_hoc, ten_mon_hoc, mo_ta, ma_mon_hoc_tien_quyet) VALUES ('CS102', 'Cau truc du lieu', 'CTDL & Giai thuat', 'CS101') ON CONFLICT DO NOTHING;
INSERT INTO MONHOCS(ma_mon_hoc, ten_mon_hoc, mo_ta, ma_mon_hoc_tien_quyet) VALUES ('MATH201', 'Toan roi rac', 'Toan roi rac trong CNTT', NULL) ON CONFLICT DO NOTHING;
INSERT INTO NGANH_MONHOC(ma_nganh_hoc, ma_mon_hoc) VALUES ('aaaaaaaa-aaaa-aaaa-aaaa-aaaaaaaaaaaa', 'CS101') ON CONFLICT DO NOTHING;
INSERT INTO NGANH_MONHOC(ma_nganh_hoc, ma_mon_hoc) VALUES ('aaaaaaaa-aaaa-aaaa-aaaa-aaaaaaaaaaaa', 'CS102') ON CONFLICT DO NOTHING;
INSERT INTO NGANH_MONHOC(ma_nganh_hoc, ma_mon_hoc) VALUES ('aaaaaaaa-aaaa-aaaa-aaaa-aaaaaaaaaaaa', 'MATH201') ON CONFLICT DO NOTHING;
INSERT INTO NGANH_MONHOC(ma_nganh_hoc, ma_mon_hoc) VALUES ('bbbbbbbb-bbbb-bbbb-bbbb-bbbbbbbbbbbb', 'CS101') ON CONFLICT DO NOTHING;
INSERT INTO LOAITINCHI(ma_loai_tin_chi, ten_loai_tin_chi) VALUES ('f1f1f1f1-aaaa-bbbb-cccc-111111111111', 'Ly thuyet') ON CONFLICT DO NOTHING;
INSERT INTO LOAITINCHI(ma_loai_tin_chi, ten_loai_tin_chi) VALUES ('f2f2f2f2-aaaa-bbbb-cccc-222222222222', 'Thuc hanh') ON CONFLICT DO NOTHING;
INSERT INTO TINCHI(ma_tin_chi, so_tin_chi, gia_tri_tin_chi, ma_loai_tin_chi, ma_mon_hoc, ten_tin_chi) VALUES ('aaaa1111-2222-3333-4444-555555555555', 3, 450000.00, 'f1f1f1f1-aaaa-bbbb-cccc-111111111111', 'CS101', 'LY_THUYET') ON CONFLICT DO NOTHING;
INSERT INTO TINCHI(ma_tin_chi, so_tin_chi, gia_tri_tin_chi, ma_loai_tin_chi, ma_mon_hoc, ten_tin_chi) VALUES ('bbbb1111-2222-3333-4444-555555555555', 1, 300000.00, 'f2f2f2f2-aaaa-bbbb-cccc-222222222222', 'CS101', 'THUC_HANH') ON CONFLICT DO NOTHING;
INSERT INTO TINCHI(ma_tin_chi, so_tin_chi, gia_tri_tin_chi, ma_loai_tin_chi, ma_mon_hoc, ten_tin_chi) VALUES ('cccc1111-2222-3333-4444-555555555555', 3, 500000.00, 'f1f1f1f1-aaaa-bbbb-cccc-111111111111', 'CS102', 'LY_THUYET') ON CONFLICT DO NOTHING;
INSERT INTO TINCHI(ma_tin_chi, so_tin_chi, gia_tri_tin_chi, ma_loai_tin_chi, ma_mon_hoc, ten_tin_chi) VALUES ('dddd1111-2222-3333-4444-555555555555', 1, 320000.00, 'f2f2f2f2-aaaa-bbbb-cccc-222222222222', 'CS102', 'THUC_HANH') ON CONFLICT DO NOTHING;
INSERT INTO GIOHOCS(ma_gio_hoc, ten_gio_hoc, thoi_gian_bat_dau, thoi_gian_ket_thuc) VALUES ('G1', 'Tiet 1-2', '08:00:00', '09:50:00') ON CONFLICT DO NOTHING;
INSERT INTO GIOHOCS(ma_gio_hoc, ten_gio_hoc, thoi_gian_bat_dau, thoi_gian_ket_thuc) VALUES ('G2', 'Tiet 3-4', '10:00:00', '11:50:00') ON CONFLICT DO NOTHING;
INSERT INTO LICHHOCS(ma_lich_hoc, ngay_bat_dau, ngay_ket_thuc, ma_phong_hoc, ma_ki_hoc, ma_mon_hoc) VALUES ('CS101-2025-2026-1-A', '2025-09-02', '2025-12-15', 'eeeeeeee-1111-2222-3333-444444444444', '2025-2026-1', 'CS101') ON CONFLICT DO NOTHING;
INSERT INTO LICHHOCS(ma_lich_hoc, ngay_bat_dau, ngay_ket_thuc, ma_phong_hoc, ma_ki_hoc, ma_mon_hoc) VALUES ('CS102-2025-2026-1-A', '2025-09-02', '2025-12-15', 'eeeeeeee-5555-6666-7777-888888888888', '2025-2026-1', 'CS102') ON CONFLICT DO NOTHING;
INSERT INTO BUOIHOCS(ma_buoi_hoc, thu_trong_tuan, ma_gio_hoc, ma_lich_hoc) VALUES ('99999999-aaaa-bbbb-cccc-000000000001', 'THU_BA', 'G1', 'CS101-2025-2026-1-A') ON CONFLICT DO NOTHING;
INSERT INTO BUOIHOCS(ma_buoi_hoc, thu_trong_tuan, ma_gio_hoc, ma_lich_hoc) VALUES ('99999999-aaaa-bbbb-cccc-000000000002', 'THU_NAM', 'G1', 'CS101-2025-2026-1-A') ON CONFLICT DO NOTHING;
INSERT INTO DANGKY_LICHHOC(ma_lich_hoc, ma_sinh_vien) VALUES ('CS101-2025-2026-1-A', '11111111-1111-1111-1111-111111111111') ON CONFLICT DO NOTHING;
INSERT INTO DANGKY_LICHHOC(ma_lich_hoc, ma_sinh_vien) VALUES ('CS101-2025-2026-1-A', '22222222-2222-2222-2222-222222222222') ON CONFLICT DO NOTHING;
INSERT INTO KETQUAHOCTAP(id, ma_sinh_vien, ma_mon_hoc, ma_ki_hoc, diem_so, lan_hoc, dat_mon) VALUES ('qaaa-1111-2222-3333-444444444444', '11111111-1111-1111-1111-111111111111', 'CS101', '2025-2026-1', 8.5, 1, TRUE) ON CONFLICT DO NOTHING;
INSERT INTO HOCPHIS(ma_hoc_phi, ma_sinh_vien, ma_ki_hoc, so_tien, gia_tri_tin_chi, ngay_tao, han_thanh_toan, ngay_thanh_toan, trang_thai, ghi_chu) VALUES ('hpaa-1111-2222-3333-444444444444', '11111111-1111-1111-1111-111111111111', '2025-2026-1', 1650000.00, 450000.00, '2025-09-05', '2025-10-05', NULL, 'CHUA_THANH_TOAN', 'Hoc phi ky 1') ON CONFLICT DO NOTHING;
INSERT INTO HOCLAIS(ma_hoc_lai, ma_sinh_vien, ma_mon_hoc, ma_ki_hoc, lan_hoc, diem_cu, ly_do, trang_thai, ma_lich_hoc) VALUES ('hlaa-1111-2222-3333-444444444444', '22222222-2222-2222-2222-222222222222', 'CS101', '2025-2026-1', 2, 3.5, 'Thi lai', 'DANG_HOC', 'CS101-2025-2026-1-A') ON CONFLICT DO NOTHING;